time,run,status,message,q1,q2
2026-10-03T10:36:45,1,OK,submitted,Studying,Mainly residential
2026-10-03T10:38:42,1,OK,submitted,Studying,Mainly a school or college campus
2026-10-03T10:39:27,2,OK,submitted,Studying,Mainly a school or college campus
2026-10-03T10:40:12,3,OK,submitted,Studying,Mainly a school or college campus
2026-10-03T10:40:56,4,OK,submitted,Studying,"Mainly shops, offices or markets"
2026-10-03T10:41:32,5,OK,submitted,Studying,Mainly a school or college campus
2026-10-03T10:42:17,6,OK,submitted,Mostly indoor work,Mainly residential
2026-10-03T10:43:02,7,OK,submitted,Mostly indoor work,Mixed residential and commercial area
2026-10-03T10:43:39,8,OK,submitted,Studying,Mainly a school or college campus
2026-10-03T10:44:17,9,OK,submitted,Studying,Mixed residential and commercial area
2026-10-03T10:44:58,10,OK,submitted,Studying,Mainly a school or college campus
2026-10-03T10:45:35,11,OK,submitted,A mix of indoor and outdoor work,Mixed residential and commercial area
2026-10-03T10:46:19,12,OK,submitted,Studying,Mainly a school or college campus
2026-10-03T10:46:59,13,OK,submitted,Studying,Mainly a school or college campus
2026-10-03T10:47:37,14,OK,submitted,Studying,Mainly a school or college campus
2026-10-03T10:48:15,15,OK,submitted,Studying,Mainly a school or college campus
2026-10-03T10:48:53,16,OK,submitted,Studying,Mainly residential
2026-10-03T10:49:32,17,OK,submitted,Mostly indoor work,Mainly a school or college campus
2026-10-03T10:50:11,18,OK,submitted,Studying,Mainly a school or college campus
2026-10-03T10:50:51,19,OK,submitted,A mix of indoor and outdoor work,Mainly a school or college campus
2026-10-03T10:51:31,20,OK,submitted,Studying,"Mainly shops, offices or markets"
2026-10-03T10:52:06,21,OK,submitted,A mix of indoor and outdoor work,Mainly residential
2026-10-03T10:52:48,22,OK,submitted,A mix of indoor and outdoor work,Mainly a school or college campus
2026-10-03T10:53:33,23,OK,submitted,Studying,Mainly a school or college campus
2026-10-03T10:54:12,24,OK,submitted,Studying,Mixed residential and commercial area
2026-10-03T10:54:51,25,OK,submitted,A mix of indoor and outdoor work,Mainly residential
2026-10-03T10:55:29,26,OK,submitted,Studying,Mainly a school or college campus
2026-10-03T10:56:11,27,OK,submitted,Mostly indoor work,Mainly a school or college campus
2026-10-03T10:56:49,28,OK,submitted,Studying,Mixed residential and commercial area
2026-10-03T10:57:32,29,OK,submitted,Studying,Mainly a school or college campus
2026-10-03T10:58:16,30,OK,submitted,Studying,Mainly a school or college campus
2026-10-03T10:58:54,31,OK,submitted,Studying,Mainly a school or college campus
2026-10-03T10:59:35,32,OK,submitted,Studying,"Mainly shops, offices or markets"
2026-10-03T11:00:15,33,OK,submitted,Studying,Mainly residential
2026-10-03T11:00:54,34,OK,submitted,Studying,Mainly a school or college campus
2026-10-03T11:01:29,35,OK,submitted,Studying,Mainly a school or college campus
2026-10-03T11:02:09,36,OK,submitted,Studying,Mainly a school or college campus
2026-10-03T11:02:47,37,OK,submitted,A mix of indoor and outdoor work,Mainly residential
2026-10-03T11:03:27,38,OK,submitted,A mix of indoor and outdoor work,"Mainly shops, offices or markets"
2026-10-03T11:04:07,39,OK,submitted,Studying,Mainly a school or college campus
2026-10-03T11:04:46,40,OK,submitted,A mix of indoor and outdoor work,Mixed residential and commercial area
2026-10-03T11:05:26,41,OK,submitted,A mix of indoor and outdoor work,Mainly a school or college campus
2026-10-03T11:06:12,42,OK,submitted,Studying,Mainly a school or college campus
2026-10-03T11:07:08,43,OK,submitted,Mostly indoor work,Mainly residential
2026-10-03T11:07:53,44,OK,submitted,Studying,Mainly a school or college campus
2026-10-03T11:08:52,45,OK,submitted,Studying,Mainly a school or college campus
2026-10-03T11:09:36,46,OK,submitted,Studying,Mainly a school or college campus
2026-10-03T11:10:36,47,OK,submitted,Other / prefer not to say,Other / not sure
2026-10-03T11:11:38,48,OK,submitted,A mix of indoor and outdoor work,Mainly residential
2026-10-03T11:12:13,49,ERROR,Could not reach question 5. Check Chrome for a validation message or changed form layout.,Mostly indoor work,Mainly a school or college campus
