1. What best describes your main daily activity?,2. Which best describes the neighbourhood you are thinking about?,3. On how many of the past 7 days did you spend at least 10 minutes outdoors in this neighbourhood during daylight?,"4. On a typical day you were outdoors there, about how much total time did you spend outside during daylight?",5. When did outdoor heat feel strongest there?,"6. During the warmest part of the day you experienced, how uncomfortable did the heat feel in an UNSHADED place?","7. Around a similar time of day, how uncomfortable did the heat feel in a nearby SHADED place?","8. Which kinds of places felt hottest? Select all that apply. If choosing the last option, choose it alone.","9. When you needed shade along your usual outdoor routes, how often could you find it nearby?","10. What provided usable shade in the places you visited? Select all that apply. If choosing either of the last two options, choose it alone.","11. How often did outdoor heat make you change your route, timing or activity in the past 7 days?","12. Which improvements would help most in this neighbourhood? Choose up to 3. If choosing the last option, choose it alone.",13. Would you be willing to contribute simple observations for a neighbourhood heat map? No contact details or commitment are needed here.
Studying,Mainly residential,3–4 days,"More than 1 hour, up to 2 hours",12 noon–3 pm,5 – Extremely uncomfortable,1 – Not uncomfortable,"Roads, footpaths or crossings, Bus stops or transport waiting areas",Always,"Trees, Bus shelters or covered waiting areas, Building shade, verandas or covered walkways, Canopies, awnings or shade sails, Other shade structures",Every time I went outdoors,"More shade trees along walking routes, Better care for existing trees, Covered bus stops or waiting areas",Yes – observations of hot spots and shade
Studying,Mixed residential and commercial area,5–7 days,More than 2 hours,12 noon–3 pm,3 – Moderately uncomfortable,3 – Moderately uncomfortable,"Roads, footpaths or crossings, Open parking areas, Markets or shopping streets, Open areas around schools or colleges, Parks or public seating with little shade, Other public outdoor spaces",Sometimes,"Trees, Other shade structures",Sometimes,"More shade trees along walking routes, Covered walkways",Maybe – I would need more information
Studying,Mainly residential,1–2 days,"More than 1 hour, up to 2 hours",12 noon–3 pm,5 – Extremely uncomfortable,5 – Extremely uncomfortable,Markets or shopping streets,Often,"Building shade, verandas or covered walkways",Rarely,Covered walkways,"Yes – temperature readings, if equipment and guidance are provided"
A mix of indoor and outdoor work,Mixed residential and commercial area,5–7 days,More than 2 hours,12 noon–3 pm,3 – Moderately uncomfortable,3 – Moderately uncomfortable,Open parking areas,Often,Bus shelters or covered waiting areas,Often,Covered bus stops or waiting areas,"Yes – temperature readings, if equipment and guidance are provided"
A mix of indoor and outdoor work,Mainly residential,3–4 days,15–30 minutes,12 noon–3 pm,4 – Very uncomfortable,4 – Very uncomfortable,"Roads, footpaths or crossings, Bus stops or transport waiting areas, Playgrounds or sports grounds, Open areas around schools or colleges",Sometimes,"Trees, Bus shelters or covered waiting areas",Sometimes,"More shade trees along walking routes, Covered bus stops or waiting areas, More shaded parks or play areas",Yes – observations of hot spots and shade
Other / prefer not to say,Other / not sure,1–2 days,More than 2 hours,12 noon–3 pm,I did not experience this / not sure,I did not experience this / no shade available / not sure,"Roads, footpaths or crossings, Markets or shopping streets, Open areas around schools or colleges, Other public outdoor spaces",I did not need or look for shade / not sure,Other shade structures,Sometimes,No changes needed / not sure,Maybe – I would need more information
A mix of indoor and outdoor work,Mainly residential,5–7 days,31–60 minutes,12 noon–3 pm,4 – Very uncomfortable,1 – Not uncomfortable,"Bus stops or transport waiting areas, Open parking areas, Playgrounds or sports grounds",Often,"Trees, Building shade, verandas or covered walkways, Other shade structures",Never,"More shade trees along walking routes, Better care for existing trees, Covered bus stops or waiting areas","Yes – temperature readings, if equipment and guidance are provided"
Mostly indoor work,Mainly residential,1–2 days,31–60 minutes,12 noon–3 pm,3 – Moderately uncomfortable,2 – Slightly uncomfortable,"Roads, footpaths or crossings, Open parking areas, Markets or shopping streets, Playgrounds or sports grounds, Open areas around schools or colleges",Rarely,"Bus shelters or covered waiting areas, Building shade, verandas or covered walkways",Sometimes,"More shade trees along walking routes, Better care for existing trees, Covered bus stops or waiting areas",Yes – observations of hot spots and shade
A mix of indoor and outdoor work,Mainly residential,5–7 days,"More than 1 hour, up to 2 hours",12 noon–3 pm,5 – Extremely uncomfortable,5 – Extremely uncomfortable,Other public outdoor spaces,Rarely,Other shade structures,Every time I went outdoors,"More shade trees along walking routes, Covered bus stops or waiting areas, Covered walkways",Yes – observations of hot spots and shade
A mix of indoor and outdoor work,Mainly residential,1–2 days,15–30 minutes,12 noon–3 pm,2 – Slightly uncomfortable,I did not experience this / no shade available / not sure,Playgrounds or sports grounds,Sometimes,Trees,Rarely,"More shade trees along walking routes, Better care for existing trees",Maybe – I would need more information
A mix of indoor and outdoor work,Mixed residential and commercial area,1–2 days,"More than 1 hour, up to 2 hours",12 noon–3 pm,5 – Extremely uncomfortable,3 – Moderately uncomfortable,"Roads, footpaths or crossings, Bus stops or transport waiting areas, Open parking areas, Markets or shopping streets, Playgrounds or sports grounds",Rarely,"Trees, Bus shelters or covered waiting areas, Building shade, verandas or covered walkways",Every time I went outdoors,"More shade trees along walking routes, Better care for existing trees, More shaded parks or play areas",Yes – observations of hot spots and shade
Studying,Mixed residential and commercial area,0 days,Less than 15 minutes,12 noon–3 pm,3 – Moderately uncomfortable,4 – Very uncomfortable,Other public outdoor spaces,Rarely,Trees,Sometimes,"More shade trees along walking routes, Better care for existing trees, More shaded parks or play areas",Yes – either type of observation
Mostly indoor work,Mainly residential,1–2 days,15–30 minutes,12 noon–3 pm,3 – Moderately uncomfortable,1 – Not uncomfortable,"Roads, footpaths or crossings",Often,"Trees, No usable shade",Never,"More shade trees along walking routes, Shade structures over seating or gathering spaces, A map showing shaded routes and cooler public spaces",No
Mostly indoor work,Mainly a school or college campus,1–2 days,31–60 minutes,10 am–12 noon,4 – Very uncomfortable,2 – Slightly uncomfortable,"Roads, footpaths or crossings, Bus stops or transport waiting areas, Open parking areas, Markets or shopping streets, Playgrounds or sports grounds, Open areas around schools or colleges",Sometimes,"Trees, Bus shelters or covered waiting areas, Other shade structures",Sometimes,"More shade trees along walking routes, Covered bus stops or waiting areas, A map showing shaded routes and cooler public spaces",Maybe – I would need more information
A mix of indoor and outdoor work,Mainly a school or college campus,5–7 days,"More than 1 hour, up to 2 hours",12 noon–3 pm,3 – Moderately uncomfortable,4 – Very uncomfortable,"Roads, footpaths or crossings, Bus stops or transport waiting areas, Open areas around schools or colleges, Parks or public seating with little shade",Sometimes,"Bus shelters or covered waiting areas, Building shade, verandas or covered walkways, Canopies, awnings or shade sails",Sometimes,"Covered bus stops or waiting areas, Shade structures over seating or gathering spaces",No
A mix of indoor and outdoor work,Mainly a school or college campus,5–7 days,31–60 minutes,12 noon–3 pm,3 – Moderately uncomfortable,2 – Slightly uncomfortable,Bus stops or transport waiting areas,Sometimes,"Trees, Other shade structures",Rarely,"More shade trees along walking routes, Shade structures over seating or gathering spaces, A map showing shaded routes and cooler public spaces",Maybe – I would need more information
Mostly indoor work,"Mainly shops, offices or markets",5–7 days,31–60 minutes,12 noon–3 pm,3 – Moderately uncomfortable,2 – Slightly uncomfortable,"Roads, footpaths or crossings, Bus stops or transport waiting areas, Open parking areas, Playgrounds or sports grounds",Sometimes,"Trees, Other shade structures",Rarely,"More shade trees along walking routes, Better care for existing trees, Covered bus stops or waiting areas",Maybe – I would need more information
A mix of indoor and outdoor work,Mixed residential and commercial area,5–7 days,More than 2 hours,12 noon–3 pm,4 – Very uncomfortable,2 – Slightly uncomfortable,No particular hot spot / not sure,Often,"Building shade, verandas or covered walkways, Other shade structures",Rarely,"More shade trees along walking routes, Better care for existing trees",No
A mix of indoor and outdoor work,Mixed residential and commercial area,5–7 days,"More than 1 hour, up to 2 hours",12 noon–3 pm,3 – Moderately uncomfortable,1 – Not uncomfortable,"Roads, footpaths or crossings",Sometimes,Trees,Sometimes,"More shade trees along walking routes, Better care for existing trees, More shaded parks or play areas",Yes – observations of hot spots and shade
Studying,Mainly a school or college campus,5–7 days,31–60 minutes,12 noon–3 pm,5 – Extremely uncomfortable,2 – Slightly uncomfortable,"Roads, footpaths or crossings, Bus stops or transport waiting areas, Open areas around schools or colleges",Always,"Trees, Other shade structures",Sometimes,"More shade trees along walking routes, Shade structures over seating or gathering spaces, Covered walkways",Yes – observations of hot spots and shade
A mix of indoor and outdoor work,Mainly residential,1–2 days,"More than 1 hour, up to 2 hours",12 noon–3 pm,2 – Slightly uncomfortable,2 – Slightly uncomfortable,"Roads, footpaths or crossings",Sometimes,Trees,Sometimes,More shade trees along walking routes,Yes – observations of hot spots and shade
Mostly indoor work,Mainly residential,1–2 days,15–30 minutes,12 noon–3 pm,2 – Slightly uncomfortable,2 – Slightly uncomfortable,"Roads, footpaths or crossings",Sometimes,Trees,Sometimes,More shade trees along walking routes,Yes – observations of hot spots and shade
Studying,Mainly residential,3–4 days,"More than 1 hour, up to 2 hours",12 noon–3 pm,4 – Very uncomfortable,3 – Moderately uncomfortable,"Open parking areas, Markets or shopping streets, Open areas around schools or colleges",Sometimes,"Trees, Bus shelters or covered waiting areas, Building shade, verandas or covered walkways",Sometimes,"More shade trees along walking routes, Better care for existing trees, Covered bus stops or waiting areas",Maybe – I would need more information
Studying,Mainly a school or college campus,5–7 days,15–30 minutes,12 noon–3 pm,4 – Very uncomfortable,2 – Slightly uncomfortable,"Roads, footpaths or crossings, Open parking areas, Playgrounds or sports grounds, Open areas around schools or colleges, Parks or public seating with little shade",Sometimes,"Trees, Building shade, verandas or covered walkways, Canopies, awnings or shade sails, Other shade structures",Sometimes,"More shade trees along walking routes, Better care for existing trees, More shaded parks or play areas",Yes – observations of hot spots and shade
A mix of indoor and outdoor work,Mixed residential and commercial area,5–7 days,31–60 minutes,12 noon–3 pm,4 – Very uncomfortable,2 – Slightly uncomfortable,"Roads, footpaths or crossings, Bus stops or transport waiting areas, Open parking areas",Sometimes,"Trees, Bus shelters or covered waiting areas, Building shade, verandas or covered walkways",Often,"More shade trees along walking routes, Covered bus stops or waiting areas, Shade structures over seating or gathering spaces",Yes – observations of hot spots and shade
Studying,Mainly residential,5–7 days,Less than 15 minutes,12 noon–3 pm,4 – Very uncomfortable,3 – Moderately uncomfortable,"Roads, footpaths or crossings",Sometimes,Trees,Never,"More shade trees along walking routes, Shade structures over seating or gathering spaces, Covered walkways",Yes – observations of hot spots and shade
Mostly indoor work,Mainly residential,1–2 days,31–60 minutes,10 am–12 noon,2 – Slightly uncomfortable,2 – Slightly uncomfortable,"Bus stops or transport waiting areas, Playgrounds or sports grounds, Parks or public seating with little shade",Always,Not sure / I was not outdoors,Never,No changes needed / not sure,Maybe – I would need more information
A mix of indoor and outdoor work,Mixed residential and commercial area,3–4 days,15–30 minutes,12 noon–3 pm,1 – Not uncomfortable,2 – Slightly uncomfortable,"Roads, footpaths or crossings",Rarely,Other shade structures,Rarely,"More shade trees along walking routes, Better care for existing trees, Covered bus stops or waiting areas",Yes – observations of hot spots and shade
Other / prefer not to say,Other / not sure,Not sure,I was not outdoors / not sure,No noticeable heat / not sure,I did not experience this / not sure,I did not experience this / no shade available / not sure,No particular hot spot / not sure,I did not need or look for shade / not sure,"No usable shade, Not sure / I was not outdoors",I was not outdoors / not sure,No changes needed / not sure,No
A mix of indoor and outdoor work,Mixed residential and commercial area,5–7 days,More than 2 hours,12 noon–3 pm,2 – Slightly uncomfortable,4 – Very uncomfortable,"Open parking areas, Open areas around schools or colleges, Parks or public seating with little shade",Rarely,"Building shade, verandas or covered walkways",Sometimes,"More shade trees along walking routes, Better care for existing trees, A map showing shaded routes and cooler public spaces",Maybe – I would need more information
A mix of indoor and outdoor work,Mixed residential and commercial area,1–2 days,Less than 15 minutes,12 noon–3 pm,3 – Moderately uncomfortable,4 – Very uncomfortable,"Roads, footpaths or crossings, Bus stops or transport waiting areas, Open parking areas, Playgrounds or sports grounds, Open areas around schools or colleges",Sometimes,"Trees, Bus shelters or covered waiting areas",Sometimes,"More shade trees along walking routes, Better care for existing trees, Shade structures over seating or gathering spaces",Yes – observations of hot spots and shade
Home or caregiving activities,Mixed residential and commercial area,Not sure,31–60 minutes,12 noon–3 pm,1 – Not uncomfortable,4 – Very uncomfortable,Playgrounds or sports grounds,Rarely,"Building shade, verandas or covered walkways",Never,Shade structures over seating or gathering spaces,"Yes – temperature readings, if equipment and guidance are provided"
Mostly outdoor work,Mainly residential,5–7 days,More than 2 hours,12 noon–3 pm,1 – Not uncomfortable,1 – Not uncomfortable,"Roads, footpaths or crossings, Open parking areas, Markets or shopping streets, Open areas around schools or colleges",Always,"Building shade, verandas or covered walkways, Other shade structures",Rarely,"Shade structures over seating or gathering spaces, Covered walkways, A map showing shaded routes and cooler public spaces",Yes – observations of hot spots and shade
Mostly outdoor work,Mainly a school or college campus,3–4 days,31–60 minutes,12 noon–3 pm,3 – Moderately uncomfortable,3 – Moderately uncomfortable,"Open parking areas, Open areas around schools or colleges",Sometimes,"Trees, Canopies, awnings or shade sails",Often,"Shade structures over seating or gathering spaces, More shaded parks or play areas",Yes – observations of hot spots and shade
Mostly outdoor work,"Mainly shops, offices or markets",3–4 days,31–60 minutes,12 noon–3 pm,3 – Moderately uncomfortable,5 – Extremely uncomfortable,Markets or shopping streets,Often,"Building shade, verandas or covered walkways, Other shade structures",Sometimes,"Covered bus stops or waiting areas, Covered walkways, More shaded parks or play areas",Yes – either type of observation
Studying,Mainly residential,0 days,Less than 15 minutes,Before 10 am,1 – Not uncomfortable,1 – Not uncomfortable,"Roads, footpaths or crossings",Always,Trees,Never,More shade trees along walking routes,Yes – observations of hot spots and shade
Studying,Mainly residential,3–4 days,31–60 minutes,Before 10 am,5 – Extremely uncomfortable,4 – Very uncomfortable,Open parking areas,Sometimes,"Building shade, verandas or covered walkways",Rarely,Shade structures over seating or gathering spaces,Maybe – I would need more information
A mix of indoor and outdoor work,Mainly residential,3–4 days,"More than 1 hour, up to 2 hours",12 noon–3 pm,3 – Moderately uncomfortable,2 – Slightly uncomfortable,"Roads, footpaths or crossings, Open parking areas",Rarely,Bus shelters or covered waiting areas,Sometimes,Shade structures over seating or gathering spaces,"Yes – temperature readings, if equipment and guidance are provided"
Mostly indoor work,Mixed residential and commercial area,5–7 days,Less than 15 minutes,12 noon–3 pm,1 – Not uncomfortable,4 – Very uncomfortable,"Roads, footpaths or crossings, Bus stops or transport waiting areas, Markets or shopping streets, Playgrounds or sports grounds, Open areas around schools or colleges, Parks or public seating with little shade, No particular hot spot / not sure",Rarely,"Bus shelters or covered waiting areas, Other shade structures, Not sure / I was not outdoors",Sometimes,"More shaded parks or play areas, Covered bus stops or waiting areas, More shade trees along walking routes",No
Mostly indoor work,Mainly residential,Not sure,15–30 minutes,3–6 pm,I did not experience this / not sure,3 – Moderately uncomfortable,"Markets or shopping streets, Playgrounds or sports grounds, Open areas around schools or colleges, Parks or public seating with little shade, Other public outdoor spaces",I did not need or look for shade / not sure,"Trees, Building shade, verandas or covered walkways, Canopies, awnings or shade sails, Other shade structures, No usable shade",Never,"More shade trees along walking routes, No changes needed / not sure, More shaded parks or play areas",Maybe – I would need more information
Other / prefer not to say,"Mainly shops, offices or markets",Not sure,"More than 1 hour, up to 2 hours",No noticeable heat / not sure,3 – Moderately uncomfortable,5 – Extremely uncomfortable,"Roads, footpaths or crossings, Bus stops or transport waiting areas, Open parking areas, Markets or shopping streets, Other public outdoor spaces",Often,"Trees, Building shade, verandas or covered walkways, Other shade structures, No usable shade, Not sure / I was not outdoors",Often,"No changes needed / not sure, More shaded parks or play areas, Covered walkways",Maybe – I would need more information
Mostly outdoor work,Mainly a school or college campus,5–7 days,15–30 minutes,After 6 pm,4 – Very uncomfortable,1 – Not uncomfortable,"Roads, footpaths or crossings, Open parking areas, Markets or shopping streets, Open areas around schools or colleges, Parks or public seating with little shade, No particular hot spot / not sure",Never,"Trees, Bus shelters or covered waiting areas, Building shade, verandas or covered walkways, Canopies, awnings or shade sails, Other shade structures, No usable shade",Rarely,"More shaded parks or play areas, More shade trees along walking routes, Better care for existing trees",Maybe – I would need more information
Studying,Other / not sure,Not sure,31–60 minutes,10 am–12 noon,2 – Slightly uncomfortable,1 – Not uncomfortable,"Open parking areas, Markets or shopping streets, Open areas around schools or colleges, Other public outdoor spaces",Sometimes,"Trees, Bus shelters or covered waiting areas, Building shade, verandas or covered walkways, No usable shade, Not sure / I was not outdoors",Never,"Better care for existing trees, Covered walkways, No changes needed / not sure",No
Home or caregiving activities,"Mainly shops, offices or markets",5–7 days,More than 2 hours,12 noon–3 pm,3 – Moderately uncomfortable,2 – Slightly uncomfortable,"Bus stops or transport waiting areas, Open parking areas, Markets or shopping streets, Open areas around schools or colleges, Parks or public seating with little shade, Other public outdoor spaces",Often,"Trees, Bus shelters or covered waiting areas, Canopies, awnings or shade sails, Other shade structures, Not sure / I was not outdoors",Rarely,"No changes needed / not sure, A map showing shaded routes and cooler public spaces, Covered walkways",No
A mix of indoor and outdoor work,"Mainly shops, offices or markets",3–4 days,31–60 minutes,12 noon–3 pm,1 – Not uncomfortable,2 – Slightly uncomfortable,"Roads, footpaths or crossings, Open parking areas, Markets or shopping streets, Open areas around schools or colleges, Parks or public seating with little shade, Other public outdoor spaces",I did not need or look for shade / not sure,"Trees, Canopies, awnings or shade sails, No usable shade, Not sure / I was not outdoors",Every time I went outdoors,"Better care for existing trees, Shade structures over seating or gathering spaces, Covered walkways",Yes – either type of observation
Mostly outdoor work,Mainly industrial,0 days,I was not outdoors / not sure,Before 10 am,3 – Moderately uncomfortable,1 – Not uncomfortable,"Open parking areas, Markets or shopping streets, Playgrounds or sports grounds, Parks or public seating with little shade, Other public outdoor spaces, No particular hot spot / not sure",Always,"Canopies, awnings or shade sails",I was not outdoors / not sure,"Better care for existing trees, More shade trees along walking routes, Shade structures over seating or gathering spaces",No
Mostly indoor work,Mainly residential,0 days,15–30 minutes,10 am–12 noon,5 – Extremely uncomfortable,I did not experience this / no shade available / not sure,"Bus stops or transport waiting areas, Playgrounds or sports grounds",I did not need or look for shade / not sure,"Trees, Bus shelters or covered waiting areas, Building shade, verandas or covered walkways, No usable shade, Not sure / I was not outdoors",Never,"No changes needed / not sure, Covered walkways, Shade structures over seating or gathering spaces",Yes – either type of observation
Mostly indoor work,Mainly industrial,5–7 days,31–60 minutes,No noticeable heat / not sure,3 – Moderately uncomfortable,3 – Moderately uncomfortable,"Roads, footpaths or crossings, Bus stops or transport waiting areas, Open parking areas, Markets or shopping streets, Playgrounds or sports grounds, Open areas around schools or colleges, Other public outdoor spaces, No particular hot spot / not sure",Sometimes,"Trees, Canopies, awnings or shade sails, No usable shade",Rarely,"No changes needed / not sure, A map showing shaded routes and cooler public spaces, Covered walkways",No
Studying,Mainly residential,5–7 days,Less than 15 minutes,10 am–12 noon,3 – Moderately uncomfortable,5 – Extremely uncomfortable,"Playgrounds or sports grounds, Open areas around schools or colleges",Always,"Building shade, verandas or covered walkways, Canopies, awnings or shade sails",Rarely,"More shade trees along walking routes, A map showing shaded routes and cooler public spaces",Yes – observations of hot spots and shade
Mostly indoor work,Mixed residential and commercial area,5–7 days,"More than 1 hour, up to 2 hours",12 noon–3 pm,4 – Very uncomfortable,3 – Moderately uncomfortable,"Roads, footpaths or crossings, Open parking areas",Often,"Trees, Bus shelters or covered waiting areas",Never,"More shade trees along walking routes, Covered bus stops or waiting areas",Yes – observations of hot spots and shade
Mostly indoor work,Mixed residential and commercial area,5–7 days,"More than 1 hour, up to 2 hours",12 noon–3 pm,4 – Very uncomfortable,3 – Moderately uncomfortable,"Roads, footpaths or crossings, Open parking areas",Often,"Trees, Bus shelters or covered waiting areas",Never,"More shade trees along walking routes, Covered bus stops or waiting areas",Yes – observations of hot spots and shade
Mostly indoor work,Mainly residential,5–7 days,More than 2 hours,12 noon–3 pm,2 – Slightly uncomfortable,1 – Not uncomfortable,"Open parking areas, Markets or shopping streets, Playgrounds or sports grounds",Rarely,"Trees, Bus shelters or covered waiting areas, Other shade structures",Sometimes,"More shade trees along walking routes, Better care for existing trees, Covered walkways",Yes – observations of hot spots and shade
Mostly indoor work,Mixed residential and commercial area,0 days,Less than 15 minutes,10 am–12 noon,4 – Very uncomfortable,4 – Very uncomfortable,"Roads, footpaths or crossings, Bus stops or transport waiting areas, Open parking areas, Other public outdoor spaces",Rarely,"Bus shelters or covered waiting areas, Building shade, verandas or covered walkways",Often,"More shade trees along walking routes, Better care for existing trees, Shade structures over seating or gathering spaces",Maybe – I would need more information
Mostly indoor work,Mixed residential and commercial area,5–7 days,"More than 1 hour, up to 2 hours",12 noon–3 pm,3 – Moderately uncomfortable,1 – Not uncomfortable,"Roads, footpaths or crossings, Open parking areas, Open areas around schools or colleges",Sometimes,"Trees, Bus shelters or covered waiting areas, Building shade, verandas or covered walkways",Often,"More shade trees along walking routes, Better care for existing trees, A map showing shaded routes and cooler public spaces",Maybe – I would need more information
A mix of indoor and outdoor work,Mainly a school or college campus,3–4 days,31–60 minutes,10 am–12 noon,3 – Moderately uncomfortable,2 – Slightly uncomfortable,"Markets or shopping streets, Open areas around schools or colleges",Rarely,Other shade structures,Sometimes,Covered bus stops or waiting areas,Maybe – I would need more information
Mostly outdoor work,Mixed residential and commercial area,5–7 days,"More than 1 hour, up to 2 hours",12 noon–3 pm,3 – Moderately uncomfortable,1 – Not uncomfortable,"Roads, footpaths or crossings, Playgrounds or sports grounds, Parks or public seating with little shade, Other public outdoor spaces",Sometimes,"Trees, Bus shelters or covered waiting areas, Other shade structures",Rarely,"More shade trees along walking routes, Better care for existing trees, More shaded parks or play areas",No
Mostly outdoor work,Mainly industrial,0 days,More than 2 hours,12 noon–3 pm,4 – Very uncomfortable,3 – Moderately uncomfortable,"Open areas around schools or colleges, Other public outdoor spaces",Sometimes,"Canopies, awnings or shade sails, Other shade structures",I was not outdoors / not sure,More shade trees along walking routes,"Yes – temperature readings, if equipment and guidance are provided"
Studying,Mainly residential,5–7 days,15–30 minutes,12 noon–3 pm,5 – Extremely uncomfortable,1 – Not uncomfortable,"Roads, footpaths or crossings, Bus stops or transport waiting areas, Playgrounds or sports grounds",Rarely,"Trees, Bus shelters or covered waiting areas",Rarely,"More shade trees along walking routes, Shade structures over seating or gathering spaces, Covered walkways",No
Studying,Mixed residential and commercial area,0 days,Less than 15 minutes,10 am–12 noon,3 – Moderately uncomfortable,4 – Very uncomfortable,"Open parking areas, Playgrounds or sports grounds, Parks or public seating with little shade",Always,"Building shade, verandas or covered walkways",Often,Shade structures over seating or gathering spaces,Yes – observations of hot spots and shade
A mix of indoor and outdoor work,Mixed residential and commercial area,5–7 days,15–30 minutes,12 noon–3 pm,4 – Very uncomfortable,2 – Slightly uncomfortable,"Bus stops or transport waiting areas, Open parking areas, Markets or shopping streets, Parks or public seating with little shade",Sometimes,Bus shelters or covered waiting areas,Sometimes,"More shade trees along walking routes, Better care for existing trees, More shaded parks or play areas",Yes – observations of hot spots and shade
Mostly indoor work,"Mainly shops, offices or markets",1–2 days,15–30 minutes,12 noon–3 pm,5 – Extremely uncomfortable,2 – Slightly uncomfortable,"Roads, footpaths or crossings, Open parking areas, Markets or shopping streets",Rarely,"Trees, Bus shelters or covered waiting areas, Building shade, verandas or covered walkways",Every time I went outdoors,"Better care for existing trees, Shade structures over seating or gathering spaces, Covered walkways","Yes – temperature readings, if equipment and guidance are provided"
Mostly outdoor work,Mainly residential,1–2 days,More than 2 hours,12 noon–3 pm,4 – Very uncomfortable,2 – Slightly uncomfortable,"Bus stops or transport waiting areas, Markets or shopping streets",Rarely,"Trees, Other shade structures",Rarely,"More shade trees along walking routes, A map showing shaded routes and cooler public spaces",Maybe – I would need more information
Mostly indoor work,Mixed residential and commercial area,5–7 days,15–30 minutes,10 am–12 noon,3 – Moderately uncomfortable,1 – Not uncomfortable,"Roads, footpaths or crossings",Often,"Trees, Bus shelters or covered waiting areas",Rarely,More shade trees along walking routes,Maybe – I would need more information
A mix of indoor and outdoor work,Mixed residential and commercial area,3–4 days,31–60 minutes,12 noon–3 pm,4 – Very uncomfortable,1 – Not uncomfortable,Open parking areas,Often,"Canopies, awnings or shade sails",Sometimes,Covered walkways,No
A mix of indoor and outdoor work,Mixed residential and commercial area,5–7 days,More than 2 hours,12 noon–3 pm,5 – Extremely uncomfortable,2 – Slightly uncomfortable,"Roads, footpaths or crossings, Bus stops or transport waiting areas, Open parking areas, Markets or shopping streets, Playgrounds or sports grounds, Open areas around schools or colleges, Parks or public seating with little shade, Other public outdoor spaces",Rarely,"Trees, Bus shelters or covered waiting areas, Building shade, verandas or covered walkways, Canopies, awnings or shade sails, Other shade structures",Rarely,"More shade trees along walking routes, Covered bus stops or waiting areas, Covered walkways",No
A mix of indoor and outdoor work,Mainly residential,5–7 days,More than 2 hours,12 noon–3 pm,5 – Extremely uncomfortable,3 – Moderately uncomfortable,"Roads, footpaths or crossings",Sometimes,"Canopies, awnings or shade sails",Sometimes,More shade trees along walking routes,Yes – observations of hot spots and shade
Mostly indoor work,Mixed residential and commercial area,3–4 days,"More than 1 hour, up to 2 hours",12 noon–3 pm,3 – Moderately uncomfortable,4 – Very uncomfortable,"Roads, footpaths or crossings, Bus stops or transport waiting areas, Playgrounds or sports grounds, Open areas around schools or colleges",Sometimes,"Trees, Building shade, verandas or covered walkways, Other shade structures",Never,"More shade trees along walking routes, Better care for existing trees, Covered bus stops or waiting areas",No
Mostly indoor work,Mainly a school or college campus,0 days,Less than 15 minutes,12 noon–3 pm,4 – Very uncomfortable,2 – Slightly uncomfortable,Open parking areas,Sometimes,Trees,Often,Covered bus stops or waiting areas,"Yes – temperature readings, if equipment and guidance are provided"
A mix of indoor and outdoor work,"Mainly shops, offices or markets",5–7 days,"More than 1 hour, up to 2 hours",12 noon–3 pm,2 – Slightly uncomfortable,2 – Slightly uncomfortable,"Bus stops or transport waiting areas, Playgrounds or sports grounds, Open areas around schools or colleges",Often,"Building shade, verandas or covered walkways",Often,"More shade trees along walking routes, Better care for existing trees, A map showing shaded routes and cooler public spaces",Yes – either type of observation
Studying,Mixed residential and commercial area,5–7 days,"More than 1 hour, up to 2 hours",12 noon–3 pm,3 – Moderately uncomfortable,1 – Not uncomfortable,"Roads, footpaths or crossings, Open parking areas, Playgrounds or sports grounds",Sometimes,"Trees, Bus shelters or covered waiting areas, Other shade structures",Rarely,"More shade trees along walking routes, Better care for existing trees, Covered bus stops or waiting areas",Maybe – I would need more information
Studying,Mixed residential and commercial area,3–4 days,"More than 1 hour, up to 2 hours",12 noon–3 pm,2 – Slightly uncomfortable,4 – Very uncomfortable,"Roads, footpaths or crossings, Bus stops or transport waiting areas, Open parking areas, Playgrounds or sports grounds, Open areas around schools or colleges",Rarely,"Trees, Bus shelters or covered waiting areas, Canopies, awnings or shade sails",Often,"More shade trees along walking routes, Better care for existing trees, Covered bus stops or waiting areas",Maybe – I would need more information
A mix of indoor and outdoor work,Mainly residential,5–7 days,31–60 minutes,12 noon–3 pm,4 – Very uncomfortable,2 – Slightly uncomfortable,"Roads, footpaths or crossings, Bus stops or transport waiting areas, Markets or shopping streets",Sometimes,"Trees, Bus shelters or covered waiting areas",Sometimes,"More shade trees along walking routes, Shade structures over seating or gathering spaces, Covered walkways",Yes – either type of observation
Mostly indoor work,Mainly a school or college campus,5–7 days,31–60 minutes,10 am–12 noon,5 – Extremely uncomfortable,3 – Moderately uncomfortable,"Roads, footpaths or crossings, Playgrounds or sports grounds, Open areas around schools or colleges",Rarely,"Trees, Building shade, verandas or covered walkways",Often,"More shade trees along walking routes, Covered bus stops or waiting areas, Covered walkways",Yes – either type of observation
Mostly outdoor work,Mixed residential and commercial area,3–4 days,"More than 1 hour, up to 2 hours",10 am–12 noon,2 – Slightly uncomfortable,3 – Moderately uncomfortable,Playgrounds or sports grounds,Sometimes,"Canopies, awnings or shade sails",Sometimes,Covered bus stops or waiting areas,Yes – either type of observation
Mostly indoor work,Mainly residential,5–7 days,15–30 minutes,12 noon–3 pm,3 – Moderately uncomfortable,1 – Not uncomfortable,"Roads, footpaths or crossings, Open parking areas",Sometimes,"Trees, Bus shelters or covered waiting areas",Never,"More shade trees along walking routes, Better care for existing trees, More shaded parks or play areas",Maybe – I would need more information
Mostly indoor work,Mainly residential,1–2 days,31–60 minutes,12 noon–3 pm,2 – Slightly uncomfortable,1 – Not uncomfortable,"Roads, footpaths or crossings, Bus stops or transport waiting areas, Open areas around schools or colleges, Other public outdoor spaces",Sometimes,"Trees, Bus shelters or covered waiting areas, Building shade, verandas or covered walkways",Sometimes,"More shade trees along walking routes, Better care for existing trees, Covered walkways",Maybe – I would need more information
A mix of indoor and outdoor work,Mixed residential and commercial area,5–7 days,15–30 minutes,10 am–12 noon,5 – Extremely uncomfortable,1 – Not uncomfortable,"Roads, footpaths or crossings, Open parking areas, Playgrounds or sports grounds, Open areas around schools or colleges, Other public outdoor spaces",Sometimes,"Trees, Bus shelters or covered waiting areas, Building shade, verandas or covered walkways, Canopies, awnings or shade sails",Often,"More shade trees along walking routes, Better care for existing trees, Shade structures over seating or gathering spaces",Maybe – I would need more information
Mostly indoor work,Mainly a school or college campus,5–7 days,31–60 minutes,12 noon–3 pm,1 – Not uncomfortable,1 – Not uncomfortable,"Roads, footpaths or crossings, Bus stops or transport waiting areas, Open parking areas, Markets or shopping streets, Playgrounds or sports grounds, Open areas around schools or colleges, Parks or public seating with little shade, Other public outdoor spaces",Sometimes,"Trees, Bus shelters or covered waiting areas, Building shade, verandas or covered walkways, Canopies, awnings or shade sails, Other shade structures",Sometimes,"More shade trees along walking routes, Better care for existing trees, Covered bus stops or waiting areas",Yes – observations of hot spots and shade
Mostly indoor work,Mixed residential and commercial area,5–7 days,"More than 1 hour, up to 2 hours",12 noon–3 pm,4 – Very uncomfortable,3 – Moderately uncomfortable,"Roads, footpaths or crossings, Open parking areas",Often,"Trees, Bus shelters or covered waiting areas",Never,"More shade trees along walking routes, Covered bus stops or waiting areas",Yes – observations of hot spots and shade
Mostly indoor work,Mixed residential and commercial area,5–7 days,"More than 1 hour, up to 2 hours",12 noon–3 pm,4 – Very uncomfortable,3 – Moderately uncomfortable,"Roads, footpaths or crossings, Open parking areas",Often,"Trees, Bus shelters or covered waiting areas",Never,"More shade trees along walking routes, Covered bus stops or waiting areas",Yes – observations of hot spots and shade
Mostly indoor work,Mixed residential and commercial area,5–7 days,15–30 minutes,12 noon–3 pm,3 – Moderately uncomfortable,2 – Slightly uncomfortable,"Roads, footpaths or crossings, Open areas around schools or colleges, Parks or public seating with little shade",Sometimes,"Trees, Building shade, verandas or covered walkways",Rarely,"More shade trees along walking routes, Shade structures over seating or gathering spaces",Maybe – I would need more information
Mostly indoor work,Mixed residential and commercial area,5–7 days,"More than 1 hour, up to 2 hours",12 noon–3 pm,3 – Moderately uncomfortable,1 – Not uncomfortable,"Roads, footpaths or crossings, Open parking areas",Often,"Trees, Bus shelters or covered waiting areas",Never,"More shade trees along walking routes, Covered bus stops or waiting areas",Yes – observations of hot spots and shade
Mostly indoor work,Mixed residential and commercial area,5–7 days,"More than 1 hour, up to 2 hours",12 noon–3 pm,3 – Moderately uncomfortable,1 – Not uncomfortable,"Roads, footpaths or crossings, Open parking areas",Often,"Trees, Bus shelters or covered waiting areas",Never,"More shade trees along walking routes, Covered bus stops or waiting areas",Yes – observations of hot spots and shade
Mostly indoor work,Mixed residential and commercial area,5–7 days,"More than 1 hour, up to 2 hours",12 noon–3 pm,3 – Moderately uncomfortable,1 – Not uncomfortable,"Roads, footpaths or crossings, Open parking areas",Often,"Trees, Bus shelters or covered waiting areas",Never,"More shade trees along walking routes, Covered bus stops or waiting areas",Yes – observations of hot spots and shade
A mix of indoor and outdoor work,"Mainly shops, offices or markets",5–7 days,More than 2 hours,12 noon–3 pm,4 – Very uncomfortable,2 – Slightly uncomfortable,"Roads, footpaths or crossings, Open parking areas, Playgrounds or sports grounds",Sometimes,"Trees, Building shade, verandas or covered walkways, Other shade structures",Every time I went outdoors,"More shade trees along walking routes, Covered bus stops or waiting areas, More shaded parks or play areas",No
Mostly indoor work,Mixed residential and commercial area,5–7 days,"More than 1 hour, up to 2 hours",12 noon–3 pm,4 – Very uncomfortable,3 – Moderately uncomfortable,"Roads, footpaths or crossings, Open parking areas",Often,"Trees, Bus shelters or covered waiting areas",Never,"More shade trees along walking routes, Covered bus stops or waiting areas",Yes – observations of hot spots and shade
Mostly indoor work,Mixed residential and commercial area,5–7 days,"More than 1 hour, up to 2 hours",12 noon–3 pm,3 – Moderately uncomfortable,1 – Not uncomfortable,"Roads, footpaths or crossings, Open parking areas",I did not need or look for shade / not sure,"Trees, Bus shelters or covered waiting areas",Never,"More shade trees along walking routes, Better care for existing trees, Covered bus stops or waiting areas",Yes – observations of hot spots and shade
A mix of indoor and outdoor work,Other / not sure,5–7 days,More than 2 hours,12 noon–3 pm,4 – Very uncomfortable,2 – Slightly uncomfortable,"Roads, footpaths or crossings, Playgrounds or sports grounds",Rarely,"Trees, Building shade, verandas or covered walkways",Never,"More shade trees along walking routes, Better care for existing trees, More shaded parks or play areas",Maybe – I would need more information
Mostly indoor work,Mixed residential and commercial area,5–7 days,"More than 1 hour, up to 2 hours",12 noon–3 pm,3 – Moderately uncomfortable,1 – Not uncomfortable,"Roads, footpaths or crossings, Open parking areas",Sometimes,"Building shade, verandas or covered walkways, Canopies, awnings or shade sails",Sometimes,"Covered bus stops or waiting areas, Covered walkways","Yes – temperature readings, if equipment and guidance are provided"
Mostly outdoor work,Mainly residential,Not sure,"More than 1 hour, up to 2 hours",12 noon–3 pm,4 – Very uncomfortable,3 – Moderately uncomfortable,"Roads, footpaths or crossings",Sometimes,Bus shelters or covered waiting areas,Sometimes,"Better care for existing trees, Covered bus stops or waiting areas",Yes – either type of observation
A mix of indoor and outdoor work,Mainly residential,3–4 days,15–30 minutes,12 noon–3 pm,1 – Not uncomfortable,1 – Not uncomfortable,"Roads, footpaths or crossings",Sometimes,"Bus shelters or covered waiting areas, Building shade, verandas or covered walkways",Rarely,More shade trees along walking routes,Yes – observations of hot spots and shade
A mix of indoor and outdoor work,Mainly a school or college campus,Not sure,I was not outdoors / not sure,12 noon–3 pm,4 – Very uncomfortable,3 – Moderately uncomfortable,"Roads, footpaths or crossings, Bus stops or transport waiting areas, Open parking areas, Markets or shopping streets, Playgrounds or sports grounds, Open areas around schools or colleges, Parks or public seating with little shade",Rarely,Not sure / I was not outdoors,I was not outdoors / not sure,"Covered bus stops or waiting areas, Shade structures over seating or gathering spaces, Covered walkways","Yes – temperature readings, if equipment and guidance are provided"
A mix of indoor and outdoor work,Mainly residential,5–7 days,15–30 minutes,12 noon–3 pm,4 – Very uncomfortable,3 – Moderately uncomfortable,"Roads, footpaths or crossings",Always,Other shade structures,Sometimes,Covered walkways,No
A mix of indoor and outdoor work,Mixed residential and commercial area,5–7 days,15–30 minutes,12 noon–3 pm,3 – Moderately uncomfortable,5 – Extremely uncomfortable,Open areas around schools or colleges,Sometimes,Trees,Sometimes,"More shade trees along walking routes, Better care for existing trees, Shade structures over seating or gathering spaces",Yes – either type of observation
A mix of indoor and outdoor work,Mainly residential,3–4 days,31–60 minutes,12 noon–3 pm,4 – Very uncomfortable,3 – Moderately uncomfortable,"Roads, footpaths or crossings, Bus stops or transport waiting areas, Open parking areas, Markets or shopping streets, Playgrounds or sports grounds, Open areas around schools or colleges, Parks or public seating with little shade, Other public outdoor spaces",Always,"Trees, Bus shelters or covered waiting areas, Building shade, verandas or covered walkways, Canopies, awnings or shade sails, Other shade structures",Often,"More shade trees along walking routes, Better care for existing trees, Shade structures over seating or gathering spaces",Yes – either type of observation
Home or caregiving activities,Mixed residential and commercial area,1–2 days,More than 2 hours,12 noon–3 pm,4 – Very uncomfortable,3 – Moderately uncomfortable,"Roads, footpaths or crossings, Bus stops or transport waiting areas, Open parking areas, Markets or shopping streets, Playgrounds or sports grounds, Open areas around schools or colleges, Parks or public seating with little shade, Other public outdoor spaces",Often,"Trees, Bus shelters or covered waiting areas, Building shade, verandas or covered walkways, Canopies, awnings or shade sails, Other shade structures",Often,"More shade trees along walking routes, Better care for existing trees, Covered walkways",Yes – either type of observation
Mostly indoor work,Mainly residential,3–4 days,15–30 minutes,12 noon–3 pm,2 – Slightly uncomfortable,2 – Slightly uncomfortable,"Roads, footpaths or crossings",Often,"Building shade, verandas or covered walkways",Sometimes,"More shade trees along walking routes, Covered bus stops or waiting areas, More shaded parks or play areas",Yes – either type of observation
Home or caregiving activities,Mainly residential,5–7 days,More than 2 hours,12 noon–3 pm,5 – Extremely uncomfortable,2 – Slightly uncomfortable,"Roads, footpaths or crossings",Sometimes,Trees,Often,"More shade trees along walking routes, Better care for existing trees, Covered walkways",Yes – either type of observation
Home or caregiving activities,Mainly residential,5–7 days,"More than 1 hour, up to 2 hours",After 6 pm,3 – Moderately uncomfortable,2 – Slightly uncomfortable,"Roads, footpaths or crossings, Open parking areas, Markets or shopping streets, Open areas around schools or colleges, Parks or public seating with little shade",Often,"Trees, Other shade structures, Not sure / I was not outdoors",Sometimes,"Shade structures over seating or gathering spaces, Covered walkways, More shaded parks or play areas",Yes – observations of hot spots and shade
A mix of indoor and outdoor work,Mixed residential and commercial area,3–4 days,Less than 15 minutes,12 noon–3 pm,5 – Extremely uncomfortable,1 – Not uncomfortable,"Roads, footpaths or crossings, Bus stops or transport waiting areas, Open parking areas, Markets or shopping streets, Playgrounds or sports grounds, Open areas around schools or colleges, Parks or public seating with little shade, Other public outdoor spaces",Sometimes,"Trees, Bus shelters or covered waiting areas, Building shade, verandas or covered walkways, Other shade structures",Often,"More shade trees along walking routes, Covered walkways, A map showing shaded routes and cooler public spaces",Yes – observations of hot spots and shade
Other / prefer not to say,Other / not sure,Not sure,I was not outdoors / not sure,No noticeable heat / not sure,I did not experience this / not sure,I did not experience this / no shade available / not sure,No particular hot spot / not sure,I did not need or look for shade / not sure,Not sure / I was not outdoors,I was not outdoors / not sure,No changes needed / not sure,No
A mix of indoor and outdoor work,"Mainly shops, offices or markets",1–2 days,More than 2 hours,12 noon–3 pm,1 – Not uncomfortable,1 – Not uncomfortable,No particular hot spot / not sure,Always,Bus shelters or covered waiting areas,Never,"Better care for existing trees, Covered bus stops or waiting areas, Shade structures over seating or gathering spaces",Maybe – I would need more information
A mix of indoor and outdoor work,Mainly residential,3–4 days,"More than 1 hour, up to 2 hours",12 noon–3 pm,2 – Slightly uncomfortable,2 – Slightly uncomfortable,"Bus stops or transport waiting areas, Open parking areas",Rarely,"Trees, No usable shade",Rarely,"More shade trees along walking routes, Better care for existing trees, Shade structures over seating or gathering spaces",Maybe – I would need more information
A mix of indoor and outdoor work,Mixed residential and commercial area,5–7 days,31–60 minutes,12 noon–3 pm,5 – Extremely uncomfortable,3 – Moderately uncomfortable,Open areas around schools or colleges,I did not need or look for shade / not sure,No usable shade,Sometimes,"More shade trees along walking routes, Better care for existing trees, Covered bus stops or waiting areas",Yes – either type of observation
A mix of indoor and outdoor work,Mainly a school or college campus,5–7 days,31–60 minutes,12 noon–3 pm,5 – Extremely uncomfortable,1 – Not uncomfortable,"Roads, footpaths or crossings, Bus stops or transport waiting areas, Open parking areas",Sometimes,"Trees, Bus shelters or covered waiting areas, Building shade, verandas or covered walkways",Sometimes,"More shade trees along walking routes, Covered bus stops or waiting areas, Shade structures over seating or gathering spaces",No
A mix of indoor and outdoor work,Mixed residential and commercial area,0 days,31–60 minutes,12 noon–3 pm,4 – Very uncomfortable,3 – Moderately uncomfortable,Open parking areas,Rarely,"Bus shelters or covered waiting areas, Building shade, verandas or covered walkways",Sometimes,Shade structures over seating or gathering spaces,Yes – observations of hot spots and shade
A mix of indoor and outdoor work,Mainly residential,5–7 days,More than 2 hours,12 noon–3 pm,3 – Moderately uncomfortable,2 – Slightly uncomfortable,"Roads, footpaths or crossings, Bus stops or transport waiting areas",Sometimes,"Trees, Bus shelters or covered waiting areas, Building shade, verandas or covered walkways",Never,No changes needed / not sure,Maybe – I would need more information
A mix of indoor and outdoor work,Mixed residential and commercial area,5–7 days,More than 2 hours,12 noon–3 pm,1 – Not uncomfortable,4 – Very uncomfortable,"Roads, footpaths or crossings, Bus stops or transport waiting areas, Playgrounds or sports grounds",Sometimes,"Trees, Bus shelters or covered waiting areas, Canopies, awnings or shade sails",Often,"More shade trees along walking routes, Better care for existing trees, Covered bus stops or waiting areas",Maybe – I would need more information
Studying,Mixed residential and commercial area,3–4 days,"More than 1 hour, up to 2 hours",12 noon–3 pm,5 – Extremely uncomfortable,3 – Moderately uncomfortable,Open parking areas,Often,"Canopies, awnings or shade sails",Often,No changes needed / not sure,Yes – either type of observation
